lag_1,lag_2,lag_3,actual_risk,predicted_risk,risk_probability
729519.4899999998,485664.5599999998,531522.02,0,0,0.49398809523809517
1000240.38,729519.4899999998,485664.5599999998,0,0,0.2820714285714286
774450.6799999997,1000240.38,729519.4899999998,0,0,0.3466666666666666
830212.48,774450.6799999997,1000240.38,0,0,0.35916666666666663
811555.6499999999,830212.48,774450.6799999997,0,0,0.36666666666666664
463838.02,811555.6499999999,830212.48,0,0,0.14680555555555555
603067.96,463838.02,811555.6499999999,0,0,0.4673492063492064
